,self_own_assets,poor_level,poor_level_5y_ago,poor_level_5y_later,job_satisfaction,working hours,life_satisfaction
0,1,1.0,1.0,1.0,2.0,56.0,3.0
1,1,1.0,1.0,1.0,2.0,56.0,3.0
2,1,1.0,1.0,1.0,2.0,56.0,3.0
3,1,1.0,1.0,1.0,2.0,56.0,3.0
4,1,1.0,1.0,1.0,3.0,12.0,4.0
5,1,1.0,1.0,1.0,3.0,12.0,4.0
6,1,1.0,1.0,1.0,3.0,12.0,4.0
7,3,1.0,1.0,1.0,2.0,49.0,3.0
8,1,1.0,1.0,1.0,2.0,49.0,3.0
9,1,1.0,1.0,1.0,2.0,49.0,3.0
10,1,6.0,6.0,6.0,1.0,12.0,2.0
11,1,6.0,6.0,6.0,1.0,12.0,2.0
12,1,6.0,6.0,6.0,1.0,12.0,2.0
13,1,6.0,6.0,6.0,1.0,12.0,2.0
14,1,6.0,6.0,6.0,1.0,12.0,2.0
15,1,1.0,1.0,1.0,2.0,30.0,4.0
16,1,1.0,1.0,1.0,2.0,30.0,4.0
17,1,1.0,1.0,1.0,2.0,14.0,2.0
18,1,1.0,1.0,1.0,2.0,14.0,2.0
19,1,1.0,1.0,1.0,3.0,45.0,4.0
20,1,1.0,1.0,1.0,3.0,45.0,4.0
21,1,1.0,1.0,1.0,3.0,45.0,4.0
22,1,1.0,1.0,1.0,3.0,45.0,4.0
23,1,1.0,1.0,1.0,4.0,16.0,4.0
24,3,1.0,1.0,1.0,4.0,16.0,4.0
25,1,1.0,1.0,1.0,4.0,16.0,4.0
26,1,6.0,1.0,6.0,2.0,35.0,3.0
27,1,6.0,1.0,6.0,2.0,35.0,3.0
28,1,6.0,1.0,6.0,2.0,35.0,3.0
29,1,6.0,1.0,6.0,2.0,35.0,3.0
30,1,6.0,6.0,6.0,2.0,12.0,2.0
31,1,6.0,6.0,6.0,2.0,12.0,2.0
32,1,6.0,6.0,6.0,2.0,12.0,2.0
33,1,6.0,6.0,6.0,2.0,12.0,2.0
34,1,6.0,1.0,6.0,2.0,77.0,2.0
35,1,6.0,1.0,6.0,2.0,77.0,2.0
36,1,6.0,1.0,6.0,2.0,77.0,2.0
37,1,6.0,1.0,6.0,2.0,77.0,2.0
38,1,6.0,1.0,6.0,2.0,77.0,2.0
39,1,6.0,1.0,6.0,2.0,77.0,2.0
40,1,1.0,1.0,1.0,3.0,24.0,2.0
41,1,1.0,1.0,1.0,3.0,24.0,2.0
42,1,1.0,1.0,1.0,3.0,24.0,2.0
43,1,1.0,1.0,1.0,2.0,21.0,2.0
44,1,1.0,1.0,1.0,2.0,21.0,2.0
45,1,1.0,1.0,1.0,2.0,21.0,2.0
46,1,6.0,1.0,6.0,2.0,90.0,3.0
47,1,6.0,1.0,6.0,2.0,90.0,3.0
48,1,6.0,1.0,6.0,2.0,90.0,3.0
49,1,6.0,1.0,6.0,2.0,90.0,3.0
50,1,1.0,1.0,1.0,3.0,35.0,4.0
51,1,1.0,1.0,1.0,3.0,35.0,4.0
52,1,1.0,1.0,1.0,3.0,35.0,4.0
53,1,1.0,1.0,1.0,3.0,35.0,4.0
54,1,1.0,1.0,1.0,2.0,1.0,2.0
55,1,1.0,1.0,1.0,2.0,1.0,2.0
56,1,1.0,1.0,1.0,2.0,1.0,2.0
57,1,1.0,1.0,1.0,2.0,1.0,2.0
58,1,1.0,1.0,1.0,2.0,1.0,2.0
59,1,1.0,1.0,1.0,2.0,1.0,2.0
60,1,1.0,1.0,1.0,1.0,42.0,2.0
61,1,1.0,1.0,1.0,1.0,42.0,2.0
62,1,1.0,1.0,1.0,1.0,42.0,2.0
63,1,1.0,1.0,1.0,1.0,42.0,2.0
64,1,1.0,1.0,1.0,1.0,42.0,2.0
65,1,1.0,1.0,1.0,1.0,42.0,2.0
66,1,1.0,1.0,1.0,1.0,42.0,2.0
67,1,1.0,1.0,1.0,2.0,44.0,2.0
68,1,1.0,1.0,1.0,2.0,44.0,2.0
69,1,1.0,1.0,1.0,2.0,44.0,2.0
70,1,1.0,1.0,1.0,2.0,44.0,2.0
71,1,1.0,1.0,1.0,2.0,48.0,4.0
72,1,1.0,1.0,1.0,2.0,48.0,4.0
73,1,1.0,1.0,1.0,2.0,48.0,4.0
74,1,1.0,1.0,1.0,2.0,28.0,3.0
75,1,1.0,1.0,1.0,2.0,28.0,3.0
76,1,1.0,1.0,1.0,2.0,49.0,3.0
77,1,1.0,1.0,1.0,2.0,49.0,3.0
78,1,1.0,1.0,1.0,2.0,49.0,3.0
79,1,1.0,1.0,1.0,2.0,49.0,3.0
80,1,6.0,6.0,6.0,2.0,28.0,2.0
81,1,6.0,6.0,6.0,2.0,28.0,2.0
82,1,6.0,6.0,6.0,2.0,28.0,2.0
83,1,6.0,6.0,6.0,2.0,28.0,2.0
84,1,1.0,1.0,1.0,2.0,54.0,3.0
85,1,1.0,1.0,1.0,2.0,54.0,3.0
86,1,1.0,1.0,1.0,2.0,54.0,3.0
87,1,1.0,1.0,1.0,2.0,54.0,3.0
88,1,1.0,1.0,1.0,2.0,54.0,3.0
89,1,1.0,1.0,1.0,2.0,54.0,3.0
90,1,1.0,1.0,1.0,2.0,54.0,3.0
91,1,1.0,1.0,1.0,2.0,21.0,3.0
92,1,1.0,1.0,1.0,2.0,21.0,3.0
93,1,1.0,1.0,1.0,2.0,21.0,3.0
94,1,1.0,1.0,1.0,2.0,21.0,3.0
95,1,1.0,1.0,6.0,1.0,45.0,2.0
96,1,1.0,1.0,6.0,1.0,45.0,2.0
97,1,1.0,1.0,6.0,1.0,45.0,2.0
98,1,1.0,1.0,6.0,1.0,45.0,2.0
99,1,1.0,1.0,6.0,1.0,45.0,2.0
100,1,1.0,1.0,6.0,1.0,45.0,2.0
101,1,1.0,1.0,6.0,1.0,45.0,2.0
102,1,6.0,6.0,6.0,4.0,14.0,5.0
103,1,6.0,6.0,6.0,4.0,14.0,5.0
104,1,1.0,1.0,6.0,2.0,6.0,3.0
105,1,1.0,1.0,6.0,2.0,6.0,3.0
106,1,1.0,1.0,6.0,2.0,6.0,3.0
107,1,1.0,1.0,1.0,2.0,6.0,4.0
108,1,1.0,1.0,1.0,2.0,6.0,4.0
109,1,1.0,1.0,1.0,2.0,6.0,4.0
110,1,1.0,1.0,1.0,2.0,60.0,2.0
111,1,1.0,1.0,1.0,2.0,60.0,2.0
112,1,1.0,1.0,1.0,2.0,60.0,2.0
113,1,1.0,1.0,1.0,3.0,63.0,5.0
114,1,1.0,1.0,1.0,3.0,63.0,5.0
115,1,6.0,1.0,6.0,4.0,2.0,3.0
116,1,6.0,1.0,6.0,4.0,2.0,3.0
117,1,6.0,1.0,6.0,4.0,2.0,3.0
118,1,6.0,1.0,6.0,4.0,2.0,3.0
119,1,6.0,1.0,6.0,4.0,2.0,3.0
120,1,6.0,1.0,6.0,4.0,2.0,3.0
121,1,1.0,1.0,6.0,2.0,35.0,3.0
122,1,1.0,1.0,6.0,2.0,35.0,3.0
123,1,1.0,1.0,6.0,2.0,35.0,3.0
124,1,1.0,1.0,6.0,2.0,35.0,3.0
125,1,1.0,1.0,6.0,2.0,35.0,3.0
126,1,1.0,1.0,6.0,2.0,35.0,3.0
127,1,1.0,1.0,6.0,2.0,35.0,3.0
128,1,1.0,1.0,1.0,3.0,35.0,3.0
129,1,1.0,1.0,1.0,3.0,35.0,3.0
130,1,1.0,1.0,1.0,3.0,35.0,3.0
131,1,1.0,1.0,1.0,3.0,35.0,3.0
132,1,1.0,6.0,6.0,2.0,7.0,2.0
133,1,1.0,6.0,6.0,2.0,7.0,2.0
134,1,1.0,6.0,6.0,2.0,7.0,2.0
135,1,1.0,6.0,6.0,2.0,7.0,2.0
136,1,1.0,6.0,6.0,2.0,7.0,2.0
137,1,1.0,1.0,1.0,1.0,56.0,3.0
138,1,1.0,1.0,1.0,1.0,56.0,3.0
139,1,1.0,1.0,1.0,1.0,56.0,3.0
140,1,1.0,1.0,1.0,1.0,56.0,3.0
141,1,1.0,1.0,6.0,2.0,48.0,2.0
142,1,1.0,1.0,6.0,2.0,48.0,2.0
143,1,1.0,1.0,6.0,2.0,48.0,2.0
144,1,1.0,1.0,6.0,2.0,48.0,2.0
145,1,1.0,1.0,6.0,2.0,48.0,2.0
146,1,1.0,1.0,6.0,2.0,48.0,2.0
147,1,1.0,1.0,6.0,2.0,48.0,2.0
148,1,1.0,1.0,6.0,2.0,48.0,2.0
149,1,1.0,1.0,1.0,2.0,16.0,2.0
150,1,1.0,1.0,1.0,2.0,16.0,2.0
151,1,1.0,1.0,1.0,2.0,16.0,2.0
152,1,1.0,1.0,1.0,2.0,16.0,2.0
153,1,1.0,1.0,1.0,3.0,21.0,3.0
154,1,1.0,1.0,1.0,3.0,21.0,3.0
155,1,1.0,1.0,1.0,3.0,21.0,3.0
156,1,1.0,1.0,1.0,3.0,21.0,3.0
157,1,1.0,1.0,1.0,2.0,54.0,3.0
158,1,1.0,1.0,1.0,2.0,54.0,3.0
159,1,1.0,1.0,1.0,2.0,54.0,3.0
160,1,1.0,1.0,1.0,2.0,54.0,3.0
161,1,1.0,1.0,1.0,2.0,12.0,2.0
162,1,1.0,1.0,1.0,2.0,12.0,2.0
163,1,6.0,6.0,6.0,1.0,40.0,1.0
164,1,6.0,6.0,6.0,1.0,40.0,1.0
165,1,6.0,6.0,6.0,1.0,40.0,1.0
166,1,6.0,6.0,6.0,1.0,40.0,1.0
167,1,6.0,6.0,6.0,1.0,40.0,1.0
168,1,6.0,6.0,6.0,1.0,40.0,1.0
169,1,6.0,6.0,6.0,1.0,40.0,1.0
170,1,6.0,6.0,6.0,1.0,40.0,1.0
171,1,1.0,1.0,1.0,2.0,28.0,4.0
172,1,1.0,1.0,1.0,2.0,28.0,4.0
173,1,1.0,1.0,1.0,2.0,28.0,4.0
174,1,1.0,1.0,1.0,2.0,28.0,4.0
175,1,1.0,1.0,1.0,2.0,28.0,4.0
176,1,1.0,1.0,1.0,2.0,28.0,4.0
177,1,6.0,6.0,6.0,2.0,50.0,3.0
178,1,6.0,6.0,6.0,2.0,50.0,3.0
179,1,6.0,6.0,6.0,2.0,50.0,3.0
180,1,6.0,6.0,6.0,2.0,50.0,3.0
181,1,6.0,6.0,6.0,2.0,50.0,3.0
182,1,1.0,1.0,1.0,2.0,28.0,4.0
183,1,1.0,1.0,1.0,2.0,28.0,4.0
184,1,1.0,1.0,1.0,2.0,28.0,4.0
185,1,1.0,1.0,1.0,2.0,28.0,4.0
186,1,6.0,6.0,6.0,2.0,36.0,1.0
187,1,6.0,6.0,6.0,2.0,36.0,1.0
188,1,6.0,6.0,6.0,2.0,36.0,1.0
189,1,1.0,1.0,1.0,2.0,8.0,2.0
190,1,1.0,1.0,1.0,2.0,8.0,2.0
191,1,1.0,1.0,1.0,2.0,8.0,2.0
192,1,1.0,1.0,1.0,2.0,8.0,2.0
193,1,1.0,1.0,1.0,2.0,8.0,2.0
194,1,1.0,1.0,1.0,2.0,8.0,2.0
195,1,1.0,1.0,1.0,2.0,8.0,2.0
196,1,1.0,1.0,1.0,2.0,8.0,2.0
197,1,1.0,1.0,1.0,2.0,21.0,4.0
198,1,1.0,1.0,1.0,2.0,21.0,4.0
199,1,1.0,1.0,1.0,2.0,42.0,3.0
200,1,1.0,1.0,1.0,2.0,42.0,3.0
201,1,1.0,1.0,1.0,2.0,42.0,3.0
202,1,1.0,1.0,1.0,2.0,42.0,3.0
203,1,1.0,1.0,6.0,2.0,35.0,5.0
204,1,1.0,1.0,6.0,2.0,35.0,5.0
205,1,1.0,1.0,6.0,2.0,35.0,5.0
206,1,1.0,1.0,6.0,2.0,35.0,5.0
207,1,1.0,1.0,6.0,2.0,35.0,5.0
208,1,1.0,1.0,6.0,2.0,35.0,5.0
209,1,1.0,1.0,6.0,2.0,35.0,5.0
210,1,1.0,1.0,1.0,4.0,32.0,2.0
211,1,1.0,1.0,1.0,4.0,32.0,2.0
212,1,1.0,1.0,1.0,4.0,32.0,2.0
213,1,1.0,1.0,1.0,4.0,32.0,2.0
214,1,1.0,1.0,1.0,4.0,32.0,2.0
215,1,1.0,1.0,1.0,4.0,32.0,2.0
216,3,1.0,1.0,1.0,4.0,32.0,2.0
217,1,1.0,1.0,1.0,2.0,14.0,3.0
218,1,1.0,1.0,1.0,2.0,14.0,3.0
219,1,1.0,1.0,1.0,2.0,14.0,3.0
220,1,1.0,1.0,1.0,2.0,14.0,3.0
221,1,1.0,1.0,1.0,2.0,14.0,3.0
222,1,1.0,1.0,6.0,3.0,3.0,4.0
223,1,1.0,1.0,6.0,3.0,3.0,4.0
224,1,1.0,1.0,1.0,3.0,12.0,4.0
225,1,1.0,1.0,1.0,3.0,12.0,4.0
226,1,1.0,1.0,1.0,3.0,12.0,4.0
227,1,1.0,1.0,1.0,3.0,12.0,4.0
228,1,1.0,1.0,1.0,3.0,12.0,4.0
229,1,1.0,1.0,1.0,3.0,12.0,4.0
230,1,1.0,1.0,1.0,3.0,12.0,4.0
231,1,1.0,1.0,1.0,3.0,12.0,4.0
232,1,1.0,1.0,1.0,3.0,12.0,4.0
233,1,1.0,1.0,1.0,2.0,42.0,2.0
234,1,1.0,1.0,1.0,2.0,42.0,2.0
235,1,1.0,1.0,1.0,2.0,42.0,2.0
236,1,1.0,1.0,1.0,2.0,42.0,2.0
237,1,1.0,1.0,1.0,2.0,20.0,2.0
238,1,1.0,1.0,1.0,2.0,20.0,2.0
239,1,1.0,1.0,1.0,2.0,20.0,2.0
240,1,1.0,1.0,1.0,2.0,20.0,2.0
241,1,1.0,1.0,1.0,2.0,35.0,4.0
242,1,1.0,1.0,1.0,2.0,35.0,4.0
243,1,1.0,1.0,1.0,2.0,35.0,4.0
244,1,1.0,1.0,1.0,2.0,8.0,4.0
245,1,1.0,1.0,1.0,2.0,8.0,4.0
246,1,1.0,1.0,1.0,2.0,8.0,4.0
247,1,1.0,1.0,1.0,2.0,8.0,4.0
248,1,1.0,1.0,1.0,2.0,30.0,4.0
249,1,1.0,1.0,1.0,2.0,30.0,4.0
250,1,1.0,1.0,1.0,2.0,30.0,4.0
251,1,1.0,1.0,1.0,2.0,30.0,4.0
252,1,1.0,1.0,6.0,2.0,50.0,2.0
253,1,1.0,1.0,6.0,2.0,50.0,2.0
254,1,1.0,1.0,6.0,2.0,50.0,2.0
255,1,1.0,1.0,6.0,2.0,50.0,2.0
256,1,1.0,1.0,1.0,3.0,2.0,4.0
257,1,1.0,1.0,1.0,3.0,2.0,4.0
258,1,1.0,1.0,1.0,2.0,11.0,3.0
259,1,1.0,1.0,1.0,2.0,11.0,3.0
260,1,1.0,1.0,1.0,2.0,11.0,3.0
261,1,1.0,1.0,1.0,2.0,42.0,3.0
262,1,1.0,1.0,1.0,2.0,42.0,3.0
263,1,1.0,1.0,1.0,2.0,42.0,3.0
264,1,1.0,1.0,1.0,2.0,42.0,3.0
265,1,1.0,1.0,1.0,2.0,56.0,2.0
266,1,1.0,1.0,1.0,2.0,56.0,2.0
267,1,1.0,1.0,1.0,2.0,56.0,2.0
268,1,1.0,1.0,1.0,2.0,25.0,3.0
269,1,1.0,1.0,1.0,2.0,25.0,3.0
270,1,1.0,1.0,1.0,2.0,25.0,3.0
271,1,1.0,1.0,1.0,2.0,25.0,3.0
272,1,1.0,1.0,1.0,2.0,25.0,3.0
273,1,1.0,1.0,1.0,2.0,25.0,3.0
274,1,1.0,1.0,1.0,2.0,25.0,3.0
275,1,1.0,1.0,6.0,2.0,21.0,3.0
276,1,1.0,1.0,6.0,2.0,21.0,3.0
277,1,1.0,1.0,6.0,2.0,21.0,3.0
278,1,1.0,1.0,6.0,2.0,21.0,3.0
279,1,1.0,1.0,6.0,2.0,21.0,3.0
280,1,1.0,1.0,6.0,2.0,21.0,3.0
281,1,1.0,1.0,1.0,4.0,56.0,4.0
282,3,1.0,1.0,1.0,4.0,56.0,4.0
283,1,1.0,1.0,1.0,4.0,56.0,4.0
284,1,1.0,1.0,1.0,4.0,56.0,4.0
285,1,1.0,1.0,1.0,3.0,12.0,4.0
286,1,1.0,1.0,1.0,3.0,12.0,4.0
287,1,1.0,1.0,1.0,3.0,12.0,4.0
288,1,1.0,1.0,1.0,3.0,12.0,4.0
289,1,1.0,1.0,1.0,3.0,12.0,4.0
290,1,1.0,1.0,1.0,3.0,12.0,4.0
291,1,1.0,1.0,1.0,3.0,12.0,4.0
292,1,1.0,1.0,6.0,2.0,38.0,4.0
293,1,1.0,1.0,6.0,2.0,38.0,4.0
294,1,1.0,1.0,6.0,2.0,38.0,4.0
295,1,1.0,1.0,6.0,2.0,38.0,4.0
296,1,1.0,1.0,6.0,2.0,38.0,4.0
297,1,1.0,1.0,6.0,2.0,38.0,4.0
298,1,1.0,1.0,1.0,2.0,24.0,3.0
299,1,1.0,1.0,1.0,2.0,24.0,3.0
300,1,1.0,1.0,1.0,2.0,24.0,3.0
301,1,6.0,6.0,6.0,1.0,35.0,4.0
302,1,6.0,6.0,6.0,1.0,35.0,4.0
303,1,6.0,6.0,6.0,1.0,35.0,4.0
304,1,6.0,6.0,6.0,1.0,35.0,4.0
305,1,1.0,1.0,1.0,2.0,49.0,4.0
306,1,1.0,1.0,1.0,2.0,49.0,4.0
307,1,1.0,1.0,1.0,2.0,49.0,4.0
308,3,6.0,6.0,6.0,2.0,18.0,2.0
309,1,6.0,6.0,6.0,2.0,18.0,2.0
310,1,6.0,6.0,6.0,2.0,18.0,2.0
311,1,6.0,6.0,6.0,2.0,18.0,2.0
312,1,6.0,6.0,6.0,2.0,18.0,2.0
313,1,6.0,6.0,6.0,2.0,18.0,2.0
314,1,1.0,1.0,1.0,4.0,28.0,4.0
315,1,1.0,1.0,1.0,4.0,28.0,4.0
316,1,1.0,1.0,1.0,4.0,28.0,4.0
317,1,1.0,1.0,1.0,4.0,28.0,4.0
318,1,1.0,1.0,1.0,2.0,14.0,2.0
319,1,1.0,1.0,1.0,2.0,14.0,2.0
320,1,1.0,1.0,1.0,2.0,14.0,2.0
321,1,1.0,1.0,1.0,2.0,14.0,2.0
322,1,1.0,1.0,1.0,2.0,42.0,3.0
323,1,1.0,1.0,1.0,2.0,42.0,3.0
324,1,1.0,1.0,1.0,2.0,42.0,3.0
325,1,1.0,1.0,1.0,2.0,42.0,3.0
326,1,1.0,1.0,1.0,2.0,42.0,3.0
327,1,1.0,1.0,1.0,2.0,42.0,3.0
328,1,1.0,1.0,1.0,2.0,42.0,3.0
329,1,1.0,1.0,1.0,2.0,42.0,3.0
330,1,1.0,1.0,1.0,2.0,42.0,3.0
331,1,1.0,1.0,1.0,2.0,42.0,3.0
332,1,1.0,1.0,1.0,2.0,42.0,3.0
333,1,1.0,1.0,1.0,2.0,0.0,3.0
334,1,1.0,1.0,1.0,2.0,0.0,3.0
335,1,1.0,1.0,1.0,2.0,0.0,3.0
336,1,1.0,1.0,1.0,2.0,0.0,3.0
337,1,1.0,1.0,1.0,2.0,0.0,3.0
338,1,1.0,1.0,1.0,3.0,0.0,4.0
339,1,1.0,1.0,1.0,3.0,0.0,4.0
340,1,1.0,1.0,1.0,3.0,0.0,4.0
341,1,1.0,1.0,1.0,3.0,0.0,4.0
342,1,1.0,1.0,1.0,3.0,0.0,4.0
343,1,6.0,6.0,6.0,2.0,63.0,2.0
344,1,6.0,6.0,6.0,2.0,63.0,2.0
345,1,6.0,6.0,6.0,2.0,63.0,2.0
346,1,6.0,6.0,6.0,2.0,63.0,2.0
347,1,6.0,6.0,6.0,2.0,63.0,2.0
348,1,1.0,1.0,1.0,2.0,14.0,3.0
349,1,1.0,1.0,1.0,2.0,14.0,3.0
350,1,1.0,1.0,1.0,2.0,14.0,3.0
351,1,1.0,1.0,6.0,2.0,24.0,4.0
352,1,1.0,1.0,6.0,2.0,24.0,4.0
353,1,1.0,1.0,6.0,2.0,24.0,4.0
354,1,1.0,1.0,6.0,2.0,24.0,4.0
355,1,1.0,1.0,6.0,2.0,24.0,4.0
356,1,1.0,1.0,6.0,2.0,24.0,4.0
357,1,1.0,1.0,6.0,2.0,24.0,4.0
358,1,1.0,1.0,6.0,2.0,35.0,3.0
359,1,1.0,1.0,6.0,2.0,35.0,3.0
360,1,1.0,1.0,6.0,2.0,35.0,3.0
361,1,1.0,1.0,6.0,2.0,35.0,3.0
362,1,6.0,6.0,6.0,1.0,0.0,2.0
363,1,6.0,6.0,6.0,1.0,0.0,2.0
364,1,6.0,6.0,6.0,1.0,0.0,2.0
365,1,6.0,6.0,6.0,1.0,0.0,2.0
366,1,6.0,6.0,6.0,2.0,2.0,3.0
367,1,6.0,6.0,6.0,2.0,2.0,3.0
368,1,6.0,6.0,6.0,2.0,2.0,3.0
369,1,6.0,6.0,6.0,2.0,2.0,3.0
370,1,6.0,6.0,6.0,2.0,2.0,3.0
371,1,6.0,6.0,6.0,2.0,2.0,3.0
372,1,1.0,1.0,1.0,2.0,56.0,2.0
373,1,1.0,1.0,1.0,2.0,56.0,2.0
374,1,1.0,1.0,1.0,2.0,56.0,2.0
375,1,1.0,1.0,1.0,2.0,56.0,2.0
376,1,1.0,1.0,1.0,2.0,84.0,3.0
377,1,1.0,1.0,1.0,2.0,84.0,3.0
378,1,1.0,1.0,1.0,2.0,84.0,3.0
379,1,1.0,1.0,1.0,2.0,84.0,3.0
380,1,1.0,1.0,1.0,2.0,84.0,3.0
381,1,1.0,1.0,1.0,2.0,25.0,4.0
382,1,1.0,1.0,1.0,2.0,25.0,4.0
383,1,1.0,1.0,1.0,2.0,25.0,4.0
384,1,1.0,1.0,1.0,2.0,25.0,4.0
385,1,1.0,1.0,1.0,2.0,25.0,4.0
386,1,1.0,1.0,1.0,2.0,2.0,3.0
387,1,1.0,1.0,1.0,2.0,2.0,3.0
388,1,1.0,1.0,1.0,2.0,2.0,3.0
389,1,1.0,1.0,1.0,2.0,2.0,3.0
390,1,1.0,1.0,6.0,2.0,42.0,4.0
391,1,1.0,1.0,6.0,2.0,42.0,4.0
392,1,1.0,1.0,6.0,2.0,42.0,4.0
393,1,1.0,1.0,6.0,2.0,42.0,4.0
394,1,1.0,1.0,6.0,2.0,42.0,4.0
395,1,1.0,1.0,1.0,2.0,30.0,2.0
396,1,1.0,1.0,1.0,2.0,30.0,2.0
397,1,1.0,1.0,1.0,2.0,30.0,2.0
398,1,6.0,6.0,6.0,3.0,46.0,2.0
399,1,6.0,6.0,6.0,3.0,46.0,2.0
400,1,6.0,6.0,6.0,3.0,46.0,2.0
401,1,6.0,6.0,6.0,3.0,46.0,2.0
402,1,6.0,6.0,6.0,3.0,46.0,2.0
403,1,6.0,6.0,6.0,3.0,46.0,2.0
404,1,6.0,6.0,6.0,3.0,46.0,2.0
405,1,6.0,6.0,6.0,3.0,46.0,2.0
406,1,1.0,1.0,1.0,3.0,28.0,4.0
407,1,1.0,1.0,1.0,3.0,28.0,4.0
408,1,1.0,1.0,1.0,3.0,28.0,4.0
409,1,1.0,1.0,1.0,3.0,28.0,4.0
410,1,6.0,6.0,6.0,2.0,0.0,2.0
411,1,6.0,6.0,6.0,2.0,0.0,2.0
412,1,6.0,6.0,6.0,2.0,0.0,2.0
413,1,6.0,6.0,6.0,2.0,0.0,2.0
414,1,6.0,6.0,6.0,2.0,0.0,2.0
415,1,6.0,6.0,6.0,2.0,0.0,2.0
416,1,6.0,6.0,6.0,2.0,0.0,2.0
417,1,6.0,6.0,6.0,2.0,0.0,2.0
418,1,1.0,6.0,6.0,2.0,48.0,2.0
419,1,1.0,6.0,6.0,2.0,48.0,2.0
420,1,1.0,6.0,6.0,2.0,48.0,2.0
421,1,1.0,6.0,6.0,2.0,48.0,2.0
422,1,1.0,6.0,6.0,2.0,48.0,2.0
423,1,1.0,6.0,6.0,2.0,48.0,2.0
424,1,1.0,1.0,1.0,3.0,24.0,3.0
425,1,1.0,1.0,1.0,3.0,24.0,3.0
426,1,1.0,1.0,1.0,3.0,24.0,3.0
427,1,1.0,1.0,1.0,3.0,24.0,3.0
428,1,6.0,6.0,6.0,1.0,70.0,2.0
429,1,6.0,6.0,6.0,1.0,70.0,2.0
430,1,6.0,6.0,6.0,1.0,70.0,2.0
431,1,6.0,6.0,6.0,1.0,70.0,2.0
432,1,6.0,6.0,6.0,1.0,70.0,2.0
433,3,1.0,1.0,1.0,2.0,10.0,2.0
434,1,1.0,1.0,1.0,2.0,10.0,2.0
435,1,1.0,1.0,1.0,2.0,10.0,2.0
436,1,1.0,1.0,1.0,2.0,10.0,2.0
437,1,1.0,1.0,1.0,2.0,10.0,2.0
438,1,1.0,1.0,1.0,2.0,10.0,2.0
439,1,6.0,6.0,6.0,3.0,14.0,4.0
440,1,6.0,6.0,6.0,3.0,14.0,4.0
441,1,6.0,6.0,6.0,3.0,14.0,4.0
442,1,6.0,6.0,6.0,3.0,14.0,4.0
443,1,6.0,6.0,6.0,3.0,14.0,4.0
444,1,6.0,6.0,6.0,3.0,14.0,4.0
445,1,6.0,6.0,6.0,3.0,14.0,4.0
446,1,6.0,6.0,6.0,3.0,14.0,4.0
447,1,6.0,6.0,6.0,1.0,14.0,2.0
448,1,6.0,6.0,6.0,1.0,14.0,2.0
449,1,6.0,6.0,6.0,1.0,14.0,2.0
450,1,6.0,6.0,6.0,1.0,14.0,2.0
451,1,6.0,6.0,6.0,1.0,14.0,2.0
452,1,6.0,6.0,6.0,1.0,14.0,2.0
453,1,1.0,1.0,1.0,2.0,12.0,2.0
454,1,1.0,1.0,1.0,2.0,12.0,2.0
455,1,1.0,1.0,1.0,2.0,12.0,2.0
456,1,1.0,1.0,1.0,2.0,42.0,2.0
457,1,1.0,1.0,1.0,2.0,42.0,2.0
458,1,1.0,1.0,1.0,2.0,42.0,2.0
459,1,1.0,1.0,1.0,2.0,42.0,2.0
460,1,1.0,1.0,1.0,2.0,70.0,3.0
461,1,1.0,1.0,1.0,2.0,70.0,3.0
462,1,1.0,1.0,1.0,2.0,70.0,3.0
463,1,1.0,1.0,1.0,2.0,70.0,3.0
464,1,1.0,1.0,1.0,2.0,70.0,3.0
465,1,1.0,1.0,1.0,2.0,27.0,4.0
466,1,1.0,1.0,1.0,2.0,27.0,4.0
467,1,1.0,1.0,1.0,2.0,27.0,4.0
468,1,1.0,1.0,1.0,2.0,27.0,4.0
469,1,1.0,1.0,1.0,2.0,27.0,4.0
470,1,1.0,1.0,1.0,2.0,27.0,4.0
471,1,1.0,1.0,1.0,2.0,0.0,4.0
472,1,1.0,1.0,1.0,2.0,0.0,4.0
473,1,1.0,1.0,1.0,2.0,0.0,4.0
474,1,1.0,1.0,1.0,2.0,0.0,4.0
475,1,6.0,6.0,6.0,2.0,16.0,2.0
476,1,6.0,6.0,6.0,2.0,16.0,2.0
477,1,6.0,6.0,6.0,2.0,16.0,2.0
478,1,6.0,6.0,6.0,2.0,42.0,2.0
479,1,6.0,6.0,6.0,2.0,42.0,2.0
480,1,6.0,6.0,6.0,2.0,42.0,2.0
481,1,6.0,6.0,6.0,2.0,42.0,2.0
482,1,6.0,6.0,6.0,2.0,42.0,2.0
483,1,6.0,6.0,6.0,2.0,42.0,2.0
484,1,1.0,1.0,1.0,2.0,35.0,1.0
485,1,1.0,1.0,1.0,2.0,35.0,1.0
486,1,1.0,1.0,1.0,2.0,35.0,1.0
487,1,1.0,1.0,1.0,2.0,35.0,1.0
488,1,1.0,1.0,1.0,2.0,18.0,4.0
489,1,1.0,1.0,1.0,2.0,18.0,4.0
490,1,1.0,1.0,1.0,2.0,18.0,4.0
491,1,1.0,1.0,1.0,2.0,18.0,4.0
492,1,1.0,6.0,1.0,2.0,7.0,4.0
493,1,1.0,6.0,1.0,2.0,7.0,4.0
494,1,1.0,6.0,1.0,2.0,7.0,4.0
495,1,1.0,6.0,1.0,2.0,7.0,4.0
496,1,1.0,6.0,1.0,2.0,7.0,4.0
497,1,1.0,6.0,1.0,2.0,7.0,4.0
498,1,1.0,6.0,6.0,2.0,21.0,3.0
499,1,1.0,6.0,6.0,2.0,21.0,3.0
500,1,1.0,6.0,6.0,2.0,21.0,3.0
501,1,1.0,6.0,6.0,2.0,21.0,3.0
502,1,1.0,6.0,6.0,2.0,21.0,3.0
503,1,1.0,6.0,6.0,2.0,21.0,3.0
504,1,1.0,1.0,1.0,2.0,119.0,2.0
505,1,1.0,1.0,1.0,2.0,119.0,2.0
506,1,1.0,1.0,1.0,2.0,119.0,2.0
507,1,1.0,1.0,1.0,2.0,119.0,2.0
508,1,1.0,1.0,1.0,2.0,119.0,2.0
509,1,1.0,1.0,1.0,2.0,84.0,4.0
510,1,1.0,1.0,1.0,2.0,84.0,4.0
511,1,1.0,1.0,1.0,2.0,84.0,4.0
512,1,1.0,1.0,1.0,2.0,84.0,4.0
513,1,1.0,1.0,6.0,2.0,28.0,4.0
514,1,1.0,1.0,6.0,2.0,28.0,4.0
515,1,1.0,1.0,6.0,2.0,28.0,4.0
516,1,1.0,1.0,6.0,2.0,28.0,4.0
517,1,1.0,1.0,6.0,2.0,28.0,4.0
518,1,1.0,1.0,6.0,2.0,14.0,1.0
519,1,1.0,1.0,6.0,2.0,14.0,1.0
520,1,1.0,1.0,6.0,2.0,14.0,1.0
521,1,1.0,1.0,6.0,2.0,14.0,1.0
522,1,1.0,1.0,6.0,2.0,14.0,1.0
523,3,1.0,1.0,1.0,2.0,3.0,2.0
524,1,1.0,1.0,1.0,2.0,3.0,2.0
525,1,1.0,1.0,1.0,2.0,3.0,2.0
526,1,1.0,1.0,1.0,2.0,3.0,2.0
527,1,1.0,1.0,1.0,2.0,70.0,3.0
528,1,1.0,1.0,1.0,2.0,70.0,3.0
529,1,1.0,1.0,1.0,2.0,70.0,3.0
530,1,1.0,1.0,1.0,2.0,70.0,3.0
531,1,1.0,1.0,1.0,2.0,70.0,3.0
532,1,1.0,1.0,1.0,2.0,70.0,3.0
533,1,1.0,1.0,1.0,2.0,14.0,3.0
534,1,1.0,1.0,1.0,2.0,14.0,3.0
535,1,1.0,1.0,1.0,2.0,14.0,3.0
536,1,1.0,1.0,1.0,2.0,14.0,3.0
537,1,1.0,1.0,1.0,2.0,14.0,3.0
538,1,1.0,1.0,6.0,2.0,24.0,3.0
539,1,1.0,1.0,6.0,2.0,24.0,3.0
540,1,1.0,1.0,6.0,2.0,24.0,3.0
541,1,1.0,1.0,1.0,2.0,40.0,2.0
542,1,1.0,1.0,1.0,2.0,40.0,2.0
543,1,1.0,1.0,1.0,2.0,40.0,2.0
544,1,1.0,1.0,1.0,2.0,40.0,2.0
545,1,1.0,1.0,1.0,1.0,28.0,3.0
546,1,1.0,1.0,1.0,1.0,28.0,3.0
547,1,1.0,1.0,1.0,1.0,28.0,3.0
548,1,1.0,1.0,1.0,1.0,28.0,3.0
549,1,1.0,1.0,1.0,1.0,28.0,3.0
550,1,1.0,1.0,1.0,1.0,28.0,3.0
551,3,1.0,1.0,1.0,2.0,7.0,2.0
552,1,1.0,1.0,1.0,2.0,7.0,2.0
553,1,1.0,1.0,1.0,2.0,7.0,2.0
554,1,1.0,1.0,1.0,2.0,7.0,2.0
555,1,1.0,1.0,1.0,2.0,7.0,2.0
556,1,1.0,1.0,6.0,2.0,14.0,2.0
557,1,1.0,1.0,6.0,2.0,14.0,2.0
558,1,1.0,1.0,6.0,2.0,14.0,2.0
559,1,1.0,1.0,6.0,2.0,14.0,2.0
560,3,1.0,1.0,1.0,2.0,7.0,2.0
561,1,1.0,1.0,1.0,2.0,7.0,2.0
562,1,1.0,1.0,1.0,2.0,7.0,2.0
563,1,1.0,1.0,1.0,2.0,7.0,2.0
564,1,1.0,1.0,1.0,2.0,7.0,2.0
565,1,1.0,1.0,1.0,2.0,7.0,2.0
566,1,1.0,1.0,1.0,1.0,40.0,2.0
567,1,1.0,1.0,1.0,1.0,40.0,2.0
568,1,1.0,1.0,1.0,1.0,40.0,2.0
569,1,1.0,1.0,1.0,1.0,40.0,2.0
570,1,1.0,1.0,1.0,1.0,40.0,2.0
571,1,1.0,1.0,1.0,1.0,40.0,2.0
572,1,1.0,1.0,1.0,3.0,14.0,3.0
573,1,1.0,1.0,1.0,3.0,14.0,3.0
574,1,1.0,1.0,1.0,3.0,14.0,3.0
575,1,1.0,1.0,1.0,3.0,14.0,3.0
576,1,1.0,1.0,1.0,3.0,14.0,3.0
577,1,6.0,1.0,6.0,2.0,11.0,3.0
578,1,6.0,1.0,6.0,2.0,11.0,3.0
579,1,6.0,1.0,6.0,2.0,11.0,3.0
580,1,6.0,1.0,6.0,2.0,11.0,3.0
581,1,6.0,1.0,6.0,2.0,11.0,3.0
582,1,6.0,1.0,6.0,2.0,11.0,3.0
583,1,6.0,1.0,6.0,2.0,11.0,3.0
584,3,1.0,1.0,1.0,2.0,21.0,2.0
585,1,1.0,1.0,1.0,2.0,21.0,2.0
586,1,1.0,1.0,1.0,2.0,7.0,3.0
587,1,1.0,1.0,1.0,2.0,7.0,3.0
588,1,1.0,1.0,1.0,2.0,7.0,3.0
589,1,1.0,1.0,1.0,2.0,7.0,3.0
590,1,1.0,1.0,1.0,2.0,7.0,3.0
591,1,1.0,1.0,1.0,2.0,7.0,3.0
592,1,6.0,1.0,6.0,2.0,77.0,2.0
593,1,6.0,1.0,6.0,2.0,77.0,2.0
594,1,6.0,1.0,6.0,2.0,77.0,2.0
595,1,6.0,1.0,6.0,2.0,77.0,2.0
596,1,1.0,1.0,1.0,3.0,18.0,4.0
597,1,1.0,1.0,1.0,3.0,18.0,4.0
598,1,1.0,1.0,1.0,3.0,18.0,4.0
599,1,1.0,1.0,1.0,3.0,18.0,4.0
600,1,6.0,1.0,6.0,1.0,56.0,3.0
601,1,6.0,1.0,6.0,1.0,56.0,3.0
602,1,6.0,1.0,6.0,1.0,56.0,3.0
603,1,6.0,1.0,6.0,1.0,56.0,3.0
604,1,6.0,1.0,6.0,1.0,56.0,3.0
605,1,6.0,1.0,6.0,1.0,56.0,3.0
606,1,6.0,1.0,6.0,1.0,56.0,3.0
607,1,6.0,1.0,6.0,1.0,56.0,3.0
608,1,6.0,1.0,6.0,1.0,56.0,3.0
609,1,1.0,1.0,1.0,3.0,70.0,4.0
610,3,1.0,1.0,1.0,3.0,70.0,4.0
611,1,1.0,1.0,1.0,3.0,70.0,4.0
612,1,1.0,1.0,1.0,3.0,70.0,4.0
613,1,1.0,1.0,1.0,3.0,70.0,4.0
614,1,1.0,1.0,1.0,2.0,28.0,3.0
615,1,1.0,1.0,1.0,2.0,28.0,3.0
616,1,1.0,1.0,1.0,2.0,28.0,3.0
617,1,1.0,1.0,1.0,2.0,28.0,3.0
618,1,1.0,1.0,1.0,2.0,21.0,2.0
619,1,1.0,1.0,1.0,2.0,21.0,2.0
620,1,1.0,1.0,1.0,2.0,21.0,2.0
621,1,1.0,1.0,1.0,2.0,21.0,2.0
622,1,1.0,1.0,1.0,2.0,21.0,2.0
623,1,1.0,1.0,1.0,2.0,54.0,2.0
624,1,1.0,1.0,1.0,2.0,54.0,2.0
625,1,1.0,1.0,1.0,2.0,54.0,2.0
626,1,1.0,1.0,1.0,2.0,54.0,2.0
627,1,1.0,1.0,1.0,2.0,54.0,2.0
628,1,1.0,1.0,1.0,2.0,56.0,5.0
629,1,1.0,1.0,1.0,2.0,56.0,5.0
630,1,1.0,1.0,1.0,2.0,56.0,5.0
631,1,1.0,1.0,1.0,1.0,54.0,5.0
632,1,1.0,1.0,1.0,1.0,54.0,5.0
633,1,1.0,1.0,1.0,1.0,54.0,5.0
634,1,1.0,1.0,1.0,1.0,54.0,5.0
635,1,1.0,1.0,1.0,1.0,54.0,5.0
636,1,1.0,1.0,1.0,1.0,54.0,5.0
637,1,1.0,1.0,1.0,1.0,54.0,5.0
638,1,6.0,6.0,6.0,2.0,56.0,2.0
639,1,6.0,6.0,6.0,2.0,56.0,2.0
640,1,6.0,6.0,6.0,2.0,56.0,2.0
641,1,6.0,6.0,6.0,2.0,56.0,2.0
642,1,6.0,6.0,6.0,2.0,56.0,2.0
643,1,1.0,1.0,1.0,3.0,84.0,4.0
644,1,1.0,1.0,1.0,3.0,84.0,4.0
645,1,1.0,1.0,1.0,3.0,84.0,4.0
646,1,1.0,1.0,1.0,3.0,84.0,4.0
647,1,1.0,1.0,1.0,2.0,63.0,2.0
648,1,1.0,1.0,1.0,2.0,63.0,2.0
649,1,1.0,1.0,1.0,2.0,56.0,2.0
650,1,1.0,1.0,1.0,2.0,56.0,2.0
651,1,1.0,1.0,1.0,2.0,56.0,2.0
652,1,1.0,1.0,1.0,2.0,36.0,2.0
653,1,1.0,1.0,1.0,2.0,36.0,2.0
654,1,1.0,1.0,1.0,2.0,36.0,2.0
655,1,1.0,1.0,1.0,2.0,36.0,2.0
656,1,1.0,1.0,1.0,2.0,36.0,2.0
657,1,1.0,1.0,1.0,2.0,36.0,2.0
658,1,1.0,1.0,1.0,2.0,36.0,2.0
659,1,1.0,1.0,1.0,2.0,24.0,2.0
660,1,1.0,1.0,1.0,2.0,24.0,2.0
661,1,1.0,1.0,1.0,2.0,24.0,2.0
662,1,1.0,1.0,1.0,2.0,24.0,2.0
663,1,1.0,1.0,1.0,2.0,24.0,2.0
664,1,1.0,1.0,1.0,2.0,28.0,4.0
665,1,1.0,1.0,1.0,2.0,28.0,4.0
666,1,1.0,1.0,1.0,2.0,28.0,4.0
667,1,1.0,1.0,1.0,2.0,28.0,4.0
668,1,1.0,1.0,1.0,2.0,28.0,4.0
669,1,1.0,1.0,1.0,2.0,28.0,4.0
670,1,1.0,6.0,1.0,3.0,18.0,4.0
671,1,1.0,6.0,1.0,3.0,18.0,4.0
672,1,1.0,6.0,1.0,3.0,18.0,4.0
673,1,1.0,6.0,1.0,3.0,18.0,4.0
674,1,1.0,6.0,1.0,3.0,18.0,4.0
675,1,1.0,1.0,6.0,2.0,57.0,4.0
676,1,1.0,1.0,6.0,2.0,57.0,4.0
677,1,1.0,1.0,6.0,2.0,57.0,4.0
678,1,1.0,1.0,6.0,2.0,57.0,4.0
679,1,1.0,1.0,6.0,2.0,57.0,4.0
680,1,1.0,1.0,6.0,2.0,57.0,4.0
681,1,6.0,6.0,6.0,1.0,36.0,2.0
682,1,6.0,6.0,6.0,1.0,36.0,2.0
683,1,6.0,6.0,6.0,1.0,36.0,2.0
684,1,6.0,6.0,6.0,1.0,36.0,2.0
685,1,6.0,6.0,6.0,1.0,36.0,2.0
686,1,6.0,6.0,6.0,1.0,36.0,2.0
687,1,6.0,6.0,6.0,1.0,36.0,2.0
688,1,6.0,1.0,6.0,3.0,24.0,2.0
689,1,6.0,1.0,6.0,3.0,24.0,2.0
690,1,6.0,1.0,6.0,3.0,24.0,2.0
691,1,6.0,1.0,6.0,3.0,24.0,2.0
692,1,6.0,1.0,6.0,3.0,24.0,2.0
693,1,6.0,1.0,6.0,3.0,24.0,2.0
694,1,6.0,1.0,6.0,3.0,24.0,2.0
695,1,1.0,1.0,1.0,2.0,4.0,3.0
696,1,1.0,1.0,1.0,2.0,4.0,3.0
697,1,1.0,1.0,1.0,2.0,4.0,3.0
698,1,1.0,1.0,1.0,2.0,4.0,3.0
699,1,1.0,1.0,1.0,2.0,4.0,3.0
700,1,1.0,1.0,1.0,2.0,4.0,3.0
701,1,1.0,1.0,1.0,3.0,42.0,4.0
702,1,1.0,1.0,1.0,3.0,42.0,4.0
703,1,1.0,1.0,1.0,3.0,42.0,4.0
704,1,1.0,1.0,1.0,3.0,42.0,4.0
705,1,1.0,1.0,1.0,1.0,42.0,4.0
706,1,1.0,1.0,1.0,1.0,42.0,4.0
707,1,1.0,1.0,1.0,1.0,42.0,4.0
708,1,1.0,1.0,1.0,1.0,42.0,4.0
709,1,1.0,1.0,1.0,1.0,42.0,4.0
710,1,1.0,1.0,1.0,1.0,56.0,1.0
711,1,1.0,1.0,1.0,1.0,56.0,1.0
712,1,1.0,1.0,1.0,1.0,56.0,1.0
713,1,1.0,1.0,1.0,1.0,56.0,1.0
714,1,1.0,1.0,1.0,2.0,4.0,3.0
715,1,1.0,1.0,1.0,2.0,4.0,3.0
716,1,1.0,1.0,1.0,2.0,4.0,3.0
717,1,1.0,1.0,1.0,2.0,4.0,3.0
718,1,1.0,1.0,1.0,2.0,4.0,3.0
719,1,1.0,1.0,1.0,1.0,98.0,4.0
720,1,1.0,1.0,1.0,1.0,98.0,4.0
721,1,1.0,1.0,1.0,1.0,98.0,4.0
722,1,1.0,1.0,1.0,1.0,98.0,4.0
723,1,1.0,1.0,1.0,1.0,98.0,4.0
724,1,1.0,1.0,1.0,2.0,15.0,4.0
725,1,1.0,1.0,1.0,2.0,15.0,4.0
726,1,1.0,1.0,1.0,2.0,15.0,4.0
727,1,1.0,1.0,1.0,2.0,15.0,4.0
728,1,1.0,1.0,1.0,2.0,15.0,4.0
729,1,1.0,1.0,1.0,2.0,63.0,3.0
730,1,1.0,1.0,1.0,2.0,63.0,3.0
731,1,1.0,1.0,1.0,2.0,63.0,3.0
732,1,1.0,1.0,1.0,2.0,63.0,3.0
733,1,1.0,1.0,1.0,2.0,8.0,4.0
734,1,1.0,1.0,1.0,2.0,8.0,4.0
735,1,1.0,1.0,1.0,2.0,8.0,4.0
736,1,1.0,1.0,1.0,2.0,8.0,4.0
737,1,1.0,1.0,1.0,2.0,21.0,5.0
738,1,1.0,1.0,1.0,2.0,21.0,5.0
